artificial intelligence,artificial intelligence
machine learning,data science
data analytics,data science
data mining,data science
network,networking
cloud,networking
big data,data science
website,web development
web app,web development
android app,android
image processing,image processing
computer vision,image processing
data science,data science
photography,photography
singing,art
swimming,sport
football,sport
cricket,sport
hockey,sport
photographer,photography
startup,finance
finance,finance
marketing,finance
investment,finance
web development,web development
web,web development
micro service architecture,web development
database,database
distributed database,database
nlp,data science
natural language processing,data science
dancing,art
neural network,artificial intelligence
AI,artificial intelligence
badminton,sport
graphic designer,photography
application development,developer
developer,developer
programming,developer
blogger,art
writing,art
poetry,art
story telling,art
application developer,developer
application ,developer
programmer,developer
photo ,photography
artificial,artificial intelligence
intelligence,artificial intelligence
network,networking
web developer,web development
coding,developer
data scientist,data science
